g/eq	g/eq
KJ	kj
L	l
°C	°c
g	g
kJ	kj
dm^3	dm^3
kilojoules	kj
mol/L	mol/l
milliliters	ml
L/(mol · s)	l/(mol · s)
g/(100 g H2O)	g
kg	kg
ppm	ppm
J/(g · K)	j/(g · k)
grams	g
liters	l
pounds	pounds
milligrams	mg
kilograms	kg
J	j
K	k
mL	ml
mol	mol
atm	atm
N	n
mol*L^(−1)	mol/l
mol/kg	mol/kg
None	none
torr	torr
degrees Kelvin	k
M	mol/l
Osmol/L	osmol/l
mole	mol
mg	mg
g/mol	g/mol
grams/mole	g/mol
moles	mol
J/(°C · g)	j/(°c · g)
atm	atm
kJ	kj
liters	l
kg	kg
milliliters	ml
dm^3	dm^3
mL	ml
K	k
mol/kg	mol/kg
g/mol	g/mol
kilograms	kg
mol/L	mol/l
torr	torr
L	l
M	mol/l
grams	g
g	g
°C	°c
moles	mol
mol	mol
none	none
J	j
mmHg	mmhg
J/(g * °C)	j/(°c · g)
calories	cal
kJ/mol	kj/mol
g/L	g/l
V	v
J/(°C * g)	j/(°c · g)
Pa	pa
cm^3	cm^3
kcal/mol	kcal/mol
milliequivalents	milliequivalents
mol*dm^(–3)	mol/dm^3
millimoles	mmol